,tweet_id,timestamp,source,text,expanded_urls,rating_numerator,rating_denominator,name,doggo,floofer,pupper,puppo
45,883482846933004288,2017-07-08 00:28:19,"<a href=""http://twitter.com/download/iphone"" rel=""nofollow"">Twitter for iPhone</a>","This is Bella. She hopes her smile made you smile. If not, she is also offering you her favorite monkey. 13.5/10 https://t.co/qjrljjt948","https://twitter.com/dog_rates/status/883482846933004288/photo/1,https://twitter.com/dog_rates/status/883482846933004288/photo/1",5,10,Bella,None,None,None,None
315,835152434251116546,2017-02-24 15:40:31,"<a href=""http://twitter.com/download/iphone"" rel=""nofollow"">Twitter for iPhone</a>",When you're so blinded by your systematic plagiarism that you forget what day it is. 0/10 https://t.co/YbEJPkg4Ag,"https://twitter.com/dog_rates/status/835152434251116546/photo/1,https://twitter.com/dog_rates/status/835152434251116546/photo/1,https://twitter.com/dog_rates/status/835152434251116546/photo/1",0,10,None,None,None,None,None
433,820690176645140481,2017-01-15 17:52:40,"<a href=""http://twitter.com/download/iphone"" rel=""nofollow"">Twitter for iPhone</a>",The floofs have been released I repeat the floofs have been released. 84/70 https://t.co/NIYC820tmd,"https://twitter.com/dog_rates/status/820690176645140481/photo/1,https://twitter.com/dog_rates/status/820690176645140481/photo/1,https://twitter.com/dog_rates/status/820690176645140481/photo/1",84,70,None,None,None,None,None
516,810984652412424192,2016-12-19 23:06:23,"<a href=""http://twitter.com/download/iphone"" rel=""nofollow"">Twitter for iPhone</a>","Meet Sam. She smiles 24/7 &amp; secretly aspires to be a reindeer. 
Keep Sam smiling by clicking and sharing this link:
https://t.co/98tB8y7y7t https://t.co/LouL5vdvxx","https://www.gofundme.com/sams-smile,https://twitter.com/dog_rates/status/810984652412424192/photo/1",24,7,Sam,None,None,None,None
695,786709082849828864,2016-10-13 23:23:56,"<a href=""http://twitter.com/download/iphone"" rel=""nofollow"">Twitter for iPhone</a>","This is Logan, the Chow who lived. He solemnly swears he's up to lots of good. H*ckin magical af 9.75/10 https://t.co/yBO5wuqaPS",https://twitter.com/dog_rates/status/786709082849828864/photo/1,75,10,Logan,None,None,None,None
730,781661882474196992,2016-09-30 01:08:10,"<a href=""http://twitter.com/download/iphone"" rel=""nofollow"">Twitter for iPhone</a>",Who keeps sending in pictures without dogs in them? This needs to stop. 5/10 for the mediocre road https://t.co/ELqelxWMrC,https://twitter.com/dog_rates/status/781661882474196992/photo/1,5,10,None,None,None,None,None
763,778027034220126208,2016-09-20 00:24:34,"<a href=""http://twitter.com/download/iphone"" rel=""nofollow"">Twitter for iPhone</a>",This is Sophie. She's a Jubilant Bush Pupper. Super h*ckin rare. Appears at random just to smile at the locals. 11.27/10 would smile back https://t.co/QFaUiIHxHq,https://twitter.com/dog_rates/status/778027034220126208/photo/1,27,10,Sophie,None,None,pupper,None
765,777885040357281792,2016-09-19 15:00:20,"<a href=""http://twitter.com/download/iphone"" rel=""nofollow"">Twitter for iPhone</a>",This is Wesley. He's clearly trespassing. Seems rather h*ckin violent too. Weaponized forehead. 3/10 wouldn't let in https://t.co/pL7wbMRW7M,"https://twitter.com/dog_rates/status/777885040357281792/photo/1,https://twitter.com/dog_rates/status/777885040357281792/photo/1",3,10,Wesley,None,None,None,None
883,760252756032651264,2016-08-01 23:15:56,"<a href=""http://twitter.com/download/iphone"" rel=""nofollow"">Twitter for iPhone</a>",This is Fido. He can tell the weather. Not good at fetch tho. Never comes when called. 4/10 would probably still pet https://t.co/4gOv2Q3iKP,https://twitter.com/dog_rates/status/760252756032651264/photo/1,4,10,Fido,None,None,None,None
902,758467244762497024,2016-07-28 01:00:57,"<a href=""http://twitter.com/download/iphone"" rel=""nofollow"">Twitter for iPhone</a>",Why does this never happen at my front door... 165/150 https://t.co/HmwrdfEfUE,https://twitter.com/dog_rates/status/758467244762497024/video/1,165,150,None,None,None,None,None
912,757596066325864448,2016-07-25 15:19:12,"<a href=""http://twitter.com/download/iphone"" rel=""nofollow"">Twitter for iPhone</a>",Here's another picture without a dog in it. Idk why you guys keep sending these. 4/10 just because that's a neat rug https://t.co/mOmnL19Wsl,https://twitter.com/dog_rates/status/757596066325864448/photo/1,4,10,None,None,None,None,None
956,751583847268179968,2016-07-09 01:08:47,"<a href=""http://twitter.com/download/iphone"" rel=""nofollow"">Twitter for iPhone</a>",Please stop sending it pictures that don't even have a doggo or pupper in them. Churlish af. 5/10 neat couch tho https://t.co/u2c9c7qSg8,https://twitter.com/dog_rates/status/751583847268179968/photo/1,5,10,None,doggo,None,pupper,None
979,749981277374128128,2016-07-04 15:00:45,"<a href=""https://about.twitter.com/products/tweetdeck"" rel=""nofollow"">TweetDeck</a>",This is Atticus. He's quite simply America af. 1776/10 https://t.co/GRXwMxLBkh,https://twitter.com/dog_rates/status/749981277374128128/photo/1,1776,10,Atticus,None,None,None,None
1004,747816857231626240,2016-06-28 15:40:07,"<a href=""http://twitter.com/download/iphone"" rel=""nofollow"">Twitter for iPhone</a>",Viewer discretion is advised. This is a terrible attack in progress. Not even in water (tragic af). 4/10 bad sherk https://t.co/L3U0j14N5R,https://twitter.com/dog_rates/status/747816857231626240/photo/1,4,10,a,None,None,None,None
1068,740373189193256964,2016-06-08 02:41:38,"<a href=""http://twitter.com/download/iphone"" rel=""nofollow"">Twitter for iPhone</a>","After so many requests, this is Bretagne. She was the last surviving 9/11 search dog, and our second ever 14/10. RIP https://t.co/XAVDNDaVgQ","https://twitter.com/dog_rates/status/740373189193256964/photo/1,https://twitter.com/dog_rates/status/740373189193256964/photo/1,https://twitter.com/dog_rates/status/740373189193256964/photo/1,https://twitter.com/dog_rates/status/740373189193256964/photo/1",9,11,None,None,None,None,None
1120,731156023742988288,2016-05-13 16:15:54,"<a href=""http://twitter.com/download/iphone"" rel=""nofollow"">Twitter for iPhone</a>",Say hello to this unbelievably well behaved squad of doggos. 204/170 would try to pet all at once https://t.co/yGQI3He3xv,https://twitter.com/dog_rates/status/731156023742988288/photo/1,204,170,this,None,None,None,None
1165,722974582966214656,2016-04-21 02:25:47,"<a href=""http://twitter.com/download/iphone"" rel=""nofollow"">Twitter for iPhone</a>",Happy 4/20 from the squad! 13/10 for all https://t.co/eV1diwds8a,https://twitter.com/dog_rates/status/722974582966214656/photo/1,4,20,None,None,None,None,None
1189,718246886998687744,2016-04-08 01:19:36,"<a href=""http://twitter.com/download/iphone"" rel=""nofollow"">Twitter for iPhone</a>",This is Alexanderson. He's got a weird ass birth mark. Dreadful at fetch. Won't eat kibble. 3/10 wtf @Target https://t.co/FmxOpf2Sgl,https://twitter.com/dog_rates/status/718246886998687744/photo/1,3,10,Alexanderson,None,None,None,None
1202,716439118184652801,2016-04-03 01:36:11,"<a href=""http://twitter.com/download/iphone"" rel=""nofollow"">Twitter for iPhone</a>",This is Bluebert. He just saw that both #FinalFur match ups are split 50/50. Amazed af. 11/10 https://t.co/Kky1DPG4iq,https://twitter.com/dog_rates/status/716439118184652801/photo/1,50,50,Bluebert,None,None,None,None
1219,714631576617938945,2016-03-29 01:53:39,"<a href=""http://twitter.com/download/iphone"" rel=""nofollow"">Twitter for iPhone</a>",This is Benedict. He's a feisty pup. Needs a brushing. Portable af. Looks very angry actually. 4/10 might not pet https://t.co/3oeFfHjv0Z,https://twitter.com/dog_rates/status/714631576617938945/photo/1,4,10,Benedict,None,None,None,None
1228,713900603437621249,2016-03-27 01:29:02,"<a href=""http://twitter.com/download/iphone"" rel=""nofollow"">Twitter for iPhone</a>",Happy Saturday here's 9 puppers on a bench. 99/90 good work everybody https://t.co/mpvaVxKmc1,https://twitter.com/dog_rates/status/713900603437621249/photo/1,99,90,None,None,None,None,None
1249,711306686208872448,2016-03-19 21:41:44,"<a href=""http://twitter.com/download/iphone"" rel=""nofollow"">Twitter for iPhone</a>",What hooligan sent in pictures w/out a dog in them? Churlish af. 3/10 just bc that's a neat fluffy bean bag chair https://t.co/wcwoGOkZvz,"https://twitter.com/dog_rates/status/711306686208872448/photo/1,https://twitter.com/dog_rates/status/711306686208872448/photo/1",3,10,None,None,None,None,None
1254,710658690886586372,2016-03-18 02:46:49,"<a href=""http://twitter.com/download/iphone"" rel=""nofollow"">Twitter for iPhone</a>",Here's a brigade of puppers. All look very prepared for whatever happens next. 80/80 https://t.co/0eb7R1Om12,https://twitter.com/dog_rates/status/710658690886586372/photo/1,80,80,None,None,None,None,None
1274,709198395643068416,2016-03-14 02:04:08,"<a href=""http://twitter.com/download/iphone"" rel=""nofollow"">Twitter for iPhone</a>","From left to right:
Cletus, Jerome, Alejandro, Burp, &amp; Titson
None know where camera is. 45/50 would hug all at once https://t.co/sedre1ivTK",https://twitter.com/dog_rates/status/709198395643068416/photo/1,45,50,None,None,None,None,None
1303,707420581654872064,2016-03-09 04:19:44,"<a href=""http://twitter.com/download/iphone"" rel=""nofollow"">Twitter for iPhone</a>",This is Keurig. He's a rare dog. Laughs like an idiot tho. Head is basically a weapon. Poorly maintained goatee 4/10 https://t.co/xOrUyj7K30,https://twitter.com/dog_rates/status/707420581654872064/photo/1,4,10,Keurig,None,None,None,None
1314,706901761596989440,2016-03-07 17:58:08,"<a href=""http://twitter.com/download/iphone"" rel=""nofollow"">Twitter for iPhone</a>",This is Elliot. He's blocking the roadway. Downright rude as hell. Doesn't care that you're already late. 3/10 https://t.co/FMUxir5pYu,https://twitter.com/dog_rates/status/706901761596989440/photo/1,3,10,Elliot,None,None,None,None
1351,704054845121142784,2016-02-28 21:25:30,"<a href=""http://twitter.com/download/iphone"" rel=""nofollow"">Twitter for iPhone</a>",Here is a whole flock of puppers.  60/50 I'll take the lot https://t.co/9dpcw6MdWa,https://twitter.com/dog_rates/status/704054845121142784/photo/1,60,50,a,None,None,None,None
1399,699691744225525762,2016-02-16 20:28:06,"<a href=""http://twitter.com/download/iphone"" rel=""nofollow"">Twitter for iPhone</a>","This is Dave. He's a tropical pup. Short lil legs (dachshund mix?) Excels underwater, but refuses to eat kibble 5/10 https://t.co/ZJnCxlIf62",https://twitter.com/dog_rates/status/699691744225525762/photo/1,5,10,Dave,None,None,None,None
1406,699088579889332224,2016-02-15 04:31:20,"<a href=""http://twitter.com/download/iphone"" rel=""nofollow"">Twitter for iPhone</a>",This is Charl. He's a bully. Chucks that dumbbell around like its nothing. Sharp neck. Exceptionally unfluffy. 3/10 https://t.co/VfLoDZecJ7,https://twitter.com/dog_rates/status/699088579889332224/photo/1,3,10,Charl,None,None,None,None
1433,697463031882764288,2016-02-10 16:51:59,"<a href=""http://twitter.com/download/iphone"" rel=""nofollow"">Twitter for iPhone</a>",Happy Wednesday here's a bucket of pups. 44/40 would pet all at once https://t.co/HppvrYuamZ,https://twitter.com/dog_rates/status/697463031882764288/photo/1,44,40,None,None,None,None,None
1459,695064344191721472,2016-02-04 02:00:27,"<a href=""http://twitter.com/download/iphone"" rel=""nofollow"">Twitter for iPhone</a>","This may be the greatest video I've ever been sent. 4/10 for Charles the puppy, 13/10 overall. (Vid by @stevenxx_) https://t.co/uaJmNgXR2P",https://twitter.com/dog_rates/status/695064344191721472/video/1,4,10,None,None,None,None,None
1461,694925794720792577,2016-02-03 16:49:55,"<a href=""http://vine.co"" rel=""nofollow"">Vine - Make a Scene</a>",Please only send in dogs. This t-rex is very scary. 5/10 ...might still pet (vid by @helizabethmicha) https://t.co/Vn6w5w8TO2,https://vine.co/v/iJvUqWQ166L,5,10,None,None,None,None,None
1478,693590843962331137,2016-01-31 00:25:18,"<a href=""http://twitter.com/download/iphone"" rel=""nofollow"">Twitter for iPhone</a>",Meet Phil. He's big af. Currently destroying this nice family home. Completely uncalled for. 3/10 not a good pupper https://t.co/fShNNhBWYx,https://twitter.com/dog_rates/status/693590843962331137/photo/1,3,10,Phil,None,None,pupper,None
1508,691483041324204033,2016-01-25 04:49:38,"<a href=""http://twitter.com/download/iphone"" rel=""nofollow"">Twitter for iPhone</a>",When bae says they can't go out but you see them with someone else that same night. 5/10 &amp; 10/10 for heartbroken pup https://t.co/aenk0KpoWM,"https://twitter.com/dog_rates/status/691483041324204033/photo/1,https://twitter.com/dog_rates/status/691483041324204033/photo/1,https://twitter.com/dog_rates/status/691483041324204033/photo/1,https://twitter.com/dog_rates/status/691483041324204033/photo/1",5,10,None,None,None,None,None
1583,687102708889812993,2016-01-13 02:43:46,"<a href=""http://twitter.com/download/iphone"" rel=""nofollow"">Twitter for iPhone</a>",Army of water dogs here. None of them know where they're going. Have no real purpose. Aggressive barks. 5/10 for all https://t.co/A88x73TwMN,https://twitter.com/dog_rates/status/687102708889812993/photo/1,5,10,None,None,None,None,None
1601,686003207160610816,2016-01-10 01:54:44,"<a href=""http://twitter.com/download/iphone"" rel=""nofollow"">Twitter for iPhone</a>",This is Hammond. He's a peculiar pup. Loves long walks. Bark barely audible. Too many legs. 3/10 must be rare https://t.co/NOIiRWr5Jf,https://twitter.com/dog_rates/status/686003207160610816/photo/1,3,10,Hammond,None,None,None,None
1619,684959798585110529,2016-01-07 04:48:36,"<a href=""http://twitter.com/download/iphone"" rel=""nofollow"">Twitter for iPhone</a>",This is Jerry. He's a neat dog. No legs (tragic). Has more horns than a dog usually does. Bark is unique af. 5/10 https://t.co/85q7xlplsJ,https://twitter.com/dog_rates/status/684959798585110529/photo/1,5,10,Jerry,None,None,None,None
1624,684880619965411328,2016-01-06 23:33:58,"<a href=""http://twitter.com/download/iphone"" rel=""nofollow"">Twitter for iPhone</a>",Here we have a basking dino pupper. Looks powerful. Occasionally shits eggs. Doesn't want the holidays to end. 5/10 https://t.co/DnNweb5eTO,https://twitter.com/dog_rates/status/684880619965411328/photo/1,5,10,None,None,None,pupper,None
1629,684567543613382656,2016-01-06 02:49:55,"<a href=""http://twitter.com/download/iphone"" rel=""nofollow"">Twitter for iPhone</a>",This is Bobby. He doesn't give a damn about personal space. Convinced he called shotgun first. 4/10 not the best dog https://t.co/b8XW69gSaU,https://twitter.com/dog_rates/status/684567543613382656/photo/1,4,10,Bobby,None,None,None,None
1635,684222868335505415,2016-01-05 04:00:18,"<a href=""http://twitter.com/download/iphone"" rel=""nofollow"">Twitter for iPhone</a>",Someone help the girl is being mugged. Several are distracting her while two steal her shoes. Clever puppers 121/110 https://t.co/1zfnTJLt55,https://twitter.com/dog_rates/status/684222868335505415/photo/1,121,110,None,None,None,None,None
1645,683849932751646720,2016-01-04 03:18:23,"<a href=""http://twitter.com/download/iphone"" rel=""nofollow"">Twitter for iPhone</a>",This is Jiminy. He's not the brightest dog. Needs to lay off the kibble. 5/10 still petable https://t.co/omln4LOy1x,https://twitter.com/dog_rates/status/683849932751646720/photo/1,5,10,Jiminy,None,None,None,None
1662,682962037429899265,2016-01-01 16:30:13,"<a href=""http://twitter.com/download/iphone"" rel=""nofollow"">Twitter for iPhone</a>",This is Darrel. He just robbed a 7/11 and is in a high speed police chase. Was just spotted by the helicopter 10/10 https://t.co/7EsP8LmSp5,https://twitter.com/dog_rates/status/682962037429899265/photo/1,7,11,Darrel,None,None,None,None
1680,682003177596559360,2015-12-30 01:00:03,"<a href=""http://twitter.com/download/iphone"" rel=""nofollow"">Twitter for iPhone</a>",Unique dog here. Wrinkly as hell. Weird segmented neck. Finger on fire. Doesn't seem to notice. 5/10 might still pet https://t.co/Hy9La4xNX3,https://twitter.com/dog_rates/status/682003177596559360/photo/1,5,10,None,None,None,None,None
1692,681302363064414209,2015-12-28 02:35:15,"<a href=""http://twitter.com/download/iphone"" rel=""nofollow"">Twitter for iPhone</a>",This is Chuck. He's a neat dog. Very flexible. Trapped in a glass case of emotion. Devastatingly unfluffy 3/10 https://t.co/YqbU9xHV3p,https://twitter.com/dog_rates/status/681302363064414209/photo/1,3,10,Chuck,None,None,None,None
1701,680940246314430465,2015-12-27 02:36:20,"<a href=""http://twitter.com/download/iphone"" rel=""nofollow"">Twitter for iPhone</a>",This is Alice. She's an idiot. 4/10 https://t.co/VQXdwJfkyS,https://twitter.com/dog_rates/status/680940246314430465/photo/1,4,10,Alice,None,None,None,None
1712,680494726643068929,2015-12-25 21:06:00,"<a href=""http://twitter.com/download/iphone"" rel=""nofollow"">Twitter for iPhone</a>",Here we have uncovered an entire battalion of holiday puppers. Average of 11.26/10 https://t.co/eNm2S6p9BD,https://twitter.com/dog_rates/status/680494726643068929/photo/1,26,10,None,None,None,None,None
1727,679877062409191424,2015-12-24 04:11:37,"<a href=""http://twitter.com/download/iphone"" rel=""nofollow"">Twitter for iPhone</a>",Meet Penelope. She's a bacon frise. Total babe (lol get it like the movie). Doesn't bark tho. 5/10 very average dog https://t.co/SDcQYg0HSZ,https://twitter.com/dog_rates/status/679877062409191424/photo/1,5,10,Penelope,None,None,None,None
1761,678675843183484930,2015-12-20 20:38:24,"<a href=""http://twitter.com/download/iphone"" rel=""nofollow"">Twitter for iPhone</a>",Exotic pup here. Tail long af. Throat looks swollen. Might breathe fire. Exceptionally unfluffy 2/10 would still pet https://t.co/a8SqCaSo2r,https://twitter.com/dog_rates/status/678675843183484930/photo/1,2,10,None,None,None,None,None
1764,678424312106393600,2015-12-20 03:58:55,"<a href=""http://twitter.com/download/iphone"" rel=""nofollow"">Twitter for iPhone</a>",This is Crystal. She's a shitty fireman. No sense of urgency. People could be dying Crystal. 2/10 just irresponsible https://t.co/rtMtjSl9pz,https://twitter.com/dog_rates/status/678424312106393600/photo/1,2,10,Crystal,None,None,None,None
1779,677716515794329600,2015-12-18 05:06:23,"<a href=""http://twitter.com/download/iphone"" rel=""nofollow"">Twitter for iPhone</a>",IT'S PUPPERGEDDON. Total of 144/120 ...I think https://t.co/ZanVtAtvIq,https://twitter.com/dog_rates/status/677716515794329600/photo/1,144,120,None,None,None,None,None
1796,677301033169788928,2015-12-17 01:35:24,"<a href=""http://twitter.com/download/iphone"" rel=""nofollow"">Twitter for iPhone</a>",This is Juckson. He's totally on his way to a nascar race. 5/10 for Juckson https://t.co/IoLRvF0Kak,https://twitter.com/dog_rates/status/677301033169788928/photo/1,5,10,Juckson,None,None,None,None
1808,676897532954456065,2015-12-15 22:52:02,"<a href=""http://twitter.com/download/iphone"" rel=""nofollow"">Twitter for iPhone</a>",Exotic handheld dog here. Appears unathletic. Feet look deadly. Can be thrown a great distance. 5/10 might pet idk https://t.co/Avq4awulqk,https://twitter.com/dog_rates/status/676897532954456065/photo/1,5,10,None,None,None,None,None
1820,676588346097852417,2015-12-15 02:23:26,"<a href=""http://twitter.com/download/iphone"" rel=""nofollow"">Twitter for iPhone</a>",This is Bubbles. He kinda resembles a fish. Always makes eye contact with u no matter what. Sneaky tongue slip. 5/10 https://t.co/Nrhvc5tLFT,https://twitter.com/dog_rates/status/676588346097852417/photo/1,5,10,Bubbles,None,None,None,None
1836,676098748976615425,2015-12-13 17:57:57,"<a href=""http://twitter.com/download/iphone"" rel=""nofollow"">Twitter for iPhone</a>",Extremely rare pup here. Very religious. Always praying. Too many legs. Not overwhelmingly fluffy. Won't bark. 3/10 https://t.co/REyE5YKVBb,https://twitter.com/dog_rates/status/676098748976615425/photo/1,3,10,None,None,None,None,None
1843,675853064436391936,2015-12-13 01:41:41,"<a href=""http://twitter.com/download/iphone"" rel=""nofollow"">Twitter for iPhone</a>",Here we have an entire platoon of puppers. Total score: 88/80 would pet all at once https://t.co/y93p6FLvVw,"https://twitter.com/dog_rates/status/675853064436391936/photo/1,https://twitter.com/dog_rates/status/675853064436391936/photo/1",88,80,None,None,None,None,None
1861,675483430902214656,2015-12-12 01:12:54,"<a href=""http://twitter.com/download/iphone"" rel=""nofollow"">Twitter for iPhone</a>",Rare shielded battle dog here. Very happy about abundance of lettuce. Painfully slow fetcher. Still petable. 5/10 https://t.co/C3tlKVq7eO,https://twitter.com/dog_rates/status/675483430902214656/photo/1,5,10,None,None,None,None,None
1869,675153376133427200,2015-12-11 03:21:23,"<a href=""http://twitter.com/download/iphone"" rel=""nofollow"">Twitter for iPhone</a>",What kind of person sends in a picture without a dog in it? 1/10 just because that's a nice table https://t.co/RDXCfk8hK0,https://twitter.com/dog_rates/status/675153376133427200/photo/1,1,10,None,None,None,None,None
1874,675135153782571009,2015-12-11 02:08:58,"<a href=""http://twitter.com/download/iphone"" rel=""nofollow"">Twitter for iPhone</a>",This is Steven. He got locked outside. Damn it Steven. 5/10 nice grill tho https://t.co/zf7Sxxjfp3,https://twitter.com/dog_rates/status/675135153782571009/photo/1,5,10,Steven,None,None,None,None
1898,674690135443775488,2015-12-09 20:40:38,"<a href=""http://twitter.com/download/iphone"" rel=""nofollow"">Twitter for iPhone</a>",Meet Patrick. He's an exotic pup. Jumps great distances for a dog. Always gets injured when I toss him a ball. 3/10 https://t.co/Unz1uNrOzo,https://twitter.com/dog_rates/status/674690135443775488/photo/1,3,10,Patrick,None,None,None,None
1901,674646392044941312,2015-12-09 17:46:48,"<a href=""http://twitter.com/download/iphone"" rel=""nofollow"">Twitter for iPhone</a>",Two gorgeous dogs here. Little waddling dog is a rebel. Refuses to look at camera. Must be a preteen. 5/10 &amp; 8/10 https://t.co/YPfw7oahbD,https://twitter.com/dog_rates/status/674646392044941312/photo/1,5,10,None,None,None,None,None
1904,674632714662858753,2015-12-09 16:52:27,"<a href=""http://twitter.com/download/iphone"" rel=""nofollow"">Twitter for iPhone</a>",Rare submerged pup here. Holds breath for a long time. Frowning because that spoon ignores him. 5/10 would still pet https://t.co/EJzzNHE8bE,https://twitter.com/dog_rates/status/674632714662858753/photo/1,5,10,None,None,None,None,None
1920,674265582246694913,2015-12-08 16:33:36,"<a href=""http://twitter.com/download/iphone"" rel=""nofollow"">Twitter for iPhone</a>",This is Henry. He's a shit dog. Short pointy ears. Leaves trail of pee. Not fluffy. Doesn't come when called. 2/10 https://t.co/Pu9RhfHDEQ,https://twitter.com/dog_rates/status/674265582246694913/photo/1,2,10,Henry,None,None,None,None
1925,674063288070742018,2015-12-08 03:09:46,"<a href=""http://twitter.com/download/iphone"" rel=""nofollow"">Twitter for iPhone</a>",This is Earl. Earl is lost. Someone help Earl. He has no tags. Just trying to get home. 5/10 hang in there Earl https://t.co/1ZbfqAVDg6,https://twitter.com/dog_rates/status/674063288070742018/photo/1,5,10,Earl,None,None,None,None
1928,674045139690631169,2015-12-08 01:57:39,"<a href=""http://twitter.com/download/iphone"" rel=""nofollow"">Twitter for iPhone</a>",Herd of wild dogs here. Not sure what they're trying to do. No real goals in life. 3/10 find your purpose puppers https://t.co/t5ih0VrK02,https://twitter.com/dog_rates/status/674045139690631169/photo/1,3,10,None,None,None,None,None
1938,673906403526995968,2015-12-07 16:46:21,"<a href=""http://twitter.com/download/iphone"" rel=""nofollow"">Twitter for iPhone</a>",Guys I'm getting real tired of this. We only rate dogs. Please don't send in other things like this Bulbasaur. 3/10 https://t.co/t5rQHl6W8M,https://twitter.com/dog_rates/status/673906403526995968/photo/1,3,10,None,None,None,None,None
1941,673715861853720576,2015-12-07 04:09:13,"<a href=""http://twitter.com/download/iphone"" rel=""nofollow"">Twitter for iPhone</a>",This is a heavily opinionated dog. Loves walls. Nobody knows how the hair works. Always ready for a kiss. 4/10 https://t.co/dFiaKZ9cDl,https://twitter.com/dog_rates/status/673715861853720576/photo/1,4,10,a,None,None,None,None
1947,673700254269775872,2015-12-07 03:07:12,"<a href=""http://twitter.com/download/iphone"" rel=""nofollow"">Twitter for iPhone</a>",Large blue dog here. Cool shades. Flipping us off w both hands. Obviously a preteen. 3/10 for rude blue preteen pup https://t.co/mcPd5AFfhA,https://twitter.com/dog_rates/status/673700254269775872/photo/1,3,10,None,None,None,None,None
1979,672980819271634944,2015-12-05 03:28:25,"<a href=""http://twitter.com/download/iphone"" rel=""nofollow"">Twitter for iPhone</a>",Extraordinary dog here. Looks large. Just a head. No body. Rather intrusive. 5/10 would still pet https://t.co/ufHWUFA9Pu,https://twitter.com/dog_rates/status/672980819271634944/photo/1,5,10,None,None,None,None,None
2013,672231046314901505,2015-12-03 01:49:05,"<a href=""http://twitter.com/download/iphone"" rel=""nofollow"">Twitter for iPhone</a>",Exotic underwater dog here. Very shy. Wont return tennis balls I toss him. Never been petted. 5/10 I bet he's soft https://t.co/WH7Nzc5IBA,https://twitter.com/dog_rates/status/672231046314901505/photo/1,5,10,None,None,None,None,None
2026,671879137494245376,2015-12-02 02:30:43,"<a href=""http://twitter.com/download/iphone"" rel=""nofollow"">Twitter for iPhone</a>",This is Brad. He's a chubby lil pup. Doesn't really need the food he's trying to reach. 5/10 you've had enough Brad https://t.co/vPXKSaNsbE,https://twitter.com/dog_rates/status/671879137494245376/photo/1,5,10,Brad,None,None,None,None
2063,671159727754231808,2015-11-30 02:52:03,"<a href=""http://twitter.com/download/iphone"" rel=""nofollow"">Twitter for iPhone</a>",This is Anthony. He just finished up his masters at Harvard. Unprofessional tattoos. Always looks perturbed. 5/10 https://t.co/iHLo9rGay1,https://twitter.com/dog_rates/status/671159727754231808/photo/1,5,10,Anthony,None,None,None,None
2070,671122204919246848,2015-11-30 00:22:57,"<a href=""http://twitter.com/download/iphone"" rel=""nofollow"">Twitter for iPhone</a>",Two miniature golden retrievers here. Webbed paws. Don't walk very efficiently. Can't catch a tennis ball. 4/10s https://t.co/WzVLdSHJU7,https://twitter.com/dog_rates/status/671122204919246848/photo/1,4,10,None,None,None,None,None
2074,670842764863651840,2015-11-29 05:52:33,"<a href=""http://twitter.com/download/iphone"" rel=""nofollow"">Twitter for iPhone</a>","After so many requests... here you go.

Good dogg. 420/10 https://t.co/yfAAo1gdeY",https://twitter.com/dog_rates/status/670842764863651840/photo/1,420,10,None,None,None,None,None
2076,670838202509447168,2015-11-29 05:34:25,"<a href=""http://twitter.com/download/iphone"" rel=""nofollow"">Twitter for iPhone</a>",Pink dogs here. Unreasonably long necks. Left guy has only 1 leg. Quite nimble. Don't bark tho 4/10s would still pet https://t.co/QY5uvMmmQk,https://twitter.com/dog_rates/status/670838202509447168/photo/1,4,10,None,None,None,None,None
2079,670826280409919488,2015-11-29 04:47:03,"<a href=""http://twitter.com/download/iphone"" rel=""nofollow"">Twitter for iPhone</a>","Scary dog here. Too many legs. Extra tail. Not soft, let alone fluffy. Won't bark. Moves sideways. Has weapon. 2/10 https://t.co/XOPXCSXiUT",https://twitter.com/dog_rates/status/670826280409919488/photo/1,2,10,None,None,None,None,None
2091,670783437142401025,2015-11-29 01:56:48,"<a href=""http://twitter.com/download/iphone"" rel=""nofollow"">Twitter for iPhone</a>",Flamboyant pup here. Probably poisonous. Won't eat kibble. Doesn't bark. Slow af. Petting doesn't look fun. 1/10 https://t.co/jxukeh2BeO,https://twitter.com/dog_rates/status/670783437142401025/photo/1,1,10,None,None,None,None,None
2092,670782429121134593,2015-11-29 01:52:48,"<a href=""http://twitter.com/download/iphone"" rel=""nofollow"">Twitter for iPhone</a>","This dude slaps your girl's ass what do you do?
5/10 https://t.co/6dioUL6gcP",https://twitter.com/dog_rates/status/670782429121134593/photo/1,5,10,None,None,None,None,None
2109,670449342516494336,2015-11-28 03:49:14,"<a href=""http://twitter.com/download/iphone"" rel=""nofollow"">Twitter for iPhone</a>",Vibrant dog here. Fabulous tail. Only 2 legs tho. Has wings but can barely fly (lame). Rather elusive. 5/10 okay pup https://t.co/cixC0M3P1e,https://twitter.com/dog_rates/status/670449342516494336/photo/1,5,10,None,None,None,None,None
2134,670069087419133954,2015-11-27 02:38:14,"<a href=""http://twitter.com/download/iphone"" rel=""nofollow"">Twitter for iPhone</a>",This is Randall. He's from Chernobyl. Built playground himself. Has been stuck up there quite a while. 5/10 good dog https://t.co/pzrvc7wKGd,https://twitter.com/dog_rates/status/670069087419133954/photo/1,5,10,Randall,None,None,None,None
2136,670055038660800512,2015-11-27 01:42:24,"<a href=""http://twitter.com/download/iphone"" rel=""nofollow"">Twitter for iPhone</a>",This is Tommy. He's a cool dog. Hard not to step on. Won't let go of seashell. Not fast by any means. 3/10 https://t.co/0gY6XTOpn3,https://twitter.com/dog_rates/status/670055038660800512/photo/1,3,10,Tommy,None,None,None,None
2139,670037189829525505,2015-11-27 00:31:29,"<a href=""http://twitter.com/download/iphone"" rel=""nofollow"">Twitter for iPhone</a>",Awesome dog here. Not sure where it is tho. Spectacular camouflage. Enjoys leaves. Not very soft. 5/10 still petable https://t.co/rOTOteKx4q,https://twitter.com/dog_rates/status/670037189829525505/photo/1,5,10,None,None,None,None,None
2153,669661792646373376,2015-11-25 23:39:47,"<a href=""http://twitter.com/download/iphone"" rel=""nofollow"">Twitter for iPhone</a>",This is a brave dog. Excellent free climber. Trying to get closer to God. Not very loyal though. Doesn't bark. 5/10 https://t.co/ODnILTr4QM,https://twitter.com/dog_rates/status/669661792646373376/photo/1,5,10,a,None,None,None,None
2181,668994913074286592,2015-11-24 03:29:51,"<a href=""http://twitter.com/download/iphone"" rel=""nofollow"">Twitter for iPhone</a>",Two gorgeous pups here. Both have cute fake horns(adorable). Barn in the back looks on fire. 5/10 would pet rly well https://t.co/w5oYFXi0uh,https://twitter.com/dog_rates/status/668994913074286592/photo/1,5,10,None,None,None,None,None
2183,668989615043424256,2015-11-24 03:08:48,"<a href=""http://twitter.com/download/iphone"" rel=""nofollow"">Twitter for iPhone</a>",This is Bernie. He's taking his Halloween costume very seriously. Wants to be baked. 3/10 not a good idea Bernie smh https://t.co/1zBp1moFlX,https://twitter.com/dog_rates/status/668989615043424256/photo/1,3,10,Bernie,None,None,None,None
2186,668981893510119424,2015-11-24 02:38:07,"<a href=""http://twitter.com/download/iphone"" rel=""nofollow"">Twitter for iPhone</a>",Unique dog here. Oddly shaped tail. Long pink front legs. I don't think dogs breath underwater sos. 4/10 bad owner https://t.co/0EJXxE9UxW,https://twitter.com/dog_rates/status/668981893510119424/photo/1,4,10,None,None,None,None,None
2202,668643542311546881,2015-11-23 04:13:37,"<a href=""http://twitter.com/download/iphone"" rel=""nofollow"">Twitter for iPhone</a>",Fascinating dog here. Loves beach. Oddly long nose for dog. Massive ass paws. Hard to cuddle w. 3/10 would still pet https://t.co/IiSdmhkC5N,https://twitter.com/dog_rates/status/668643542311546881/photo/1,3,10,None,None,None,None,None
2206,668631377374486528,2015-11-23 03:25:17,"<a href=""http://twitter.com/download/iphone"" rel=""nofollow"">Twitter for iPhone</a>",Meet Zeek. He is a grey Cumulonimbus. Zeek is hungry. Someone should feed Zeek asap. 5/10 absolutely terrifying https://t.co/fvVNScw8VH,https://twitter.com/dog_rates/status/668631377374486528/photo/1,5,10,Zeek,None,None,None,None
2222,668466899341221888,2015-11-22 16:31:42,"<a href=""http://twitter.com/download/iphone"" rel=""nofollow"">Twitter for iPhone</a>",Here is a mother dog caring for her pups. Snazzy red mohawk. Doesn't wag tail. Pups look confused. Overall 4/10 https://t.co/YOHe6lf09m,https://twitter.com/dog_rates/status/668466899341221888/photo/1,4,10,a,None,None,None,None
2237,668142349051129856,2015-11-21 19:02:04,"<a href=""http://twitter.com/download/iphone"" rel=""nofollow"">Twitter for iPhone</a>",This lil pup is Oliver. Hops around. Has wings but doesn't fly (lame). Annoying chirp. Won't catch tennis balls 2/10 https://t.co/DnhUw0aBM2,https://twitter.com/dog_rates/status/668142349051129856/photo/1,2,10,None,None,None,None,None
2239,667937095915278337,2015-11-21 05:26:27,"<a href=""http://twitter.com/download/iphone"" rel=""nofollow"">Twitter for iPhone</a>",This dog resembles a baked potato. Bed looks uncomfortable. No tail. Comes with butter tho. 3/10 petting still fun https://t.co/x89NSCEZCq,https://twitter.com/dog_rates/status/667937095915278337/photo/1,3,10,None,None,None,None,None
2242,667911425562669056,2015-11-21 03:44:27,"<a href=""http://twitter.com/download/iphone"" rel=""nofollow"">Twitter for iPhone</a>",Wow. Armored dog here. Ready for battle. Face looks dangerous. Not very loyal. Lil dog on back havin a blast. 5/10 https://t.co/SyMoWrp368,https://twitter.com/dog_rates/status/667911425562669056/photo/1,5,10,None,None,None,None,None
2246,667878741721415682,2015-11-21 01:34:35,"<a href=""http://twitter.com/download/iphone"" rel=""nofollow"">Twitter for iPhone</a>",This is Tedrick. He lives on the edge. Needs someone to hit the gas tho. Other than that he's a baller. 10&amp;2/10 https://t.co/LvP1TTYSCN,https://twitter.com/dog_rates/status/667878741721415682/photo/1,2,10,Tedrick,None,None,None,None
2261,667549055577362432,2015-11-20 03:44:31,"<a href=""http://twitter.com"" rel=""nofollow"">Twitter Web Client</a>",Never seen dog like this. Breathes heavy. Tilts head in a pattern. No bark. Shitty at fetch. Not even cordless. 1/10 https://t.co/i9iSGNn3fx,https://twitter.com/dog_rates/status/667549055577362432/photo/1,1,10,None,None,None,None,None
2288,667176164155375616,2015-11-19 03:02:47,"<a href=""http://twitter.com/download/iphone"" rel=""nofollow"">Twitter for iPhone</a>",These are strange dogs. All have toupees. Long neck for dogs. In a shed of sorts? Work in groups? 4/10 still petable https://t.co/PZxSarAfSN,https://twitter.com/dog_rates/status/667176164155375616/photo/1,4,10,None,None,None,None,None
2305,666837028449972224,2015-11-18 04:35:11,"<a href=""http://twitter.com/download/iphone"" rel=""nofollow"">Twitter for iPhone</a>",My goodness. Very rare dog here. Large. Tail dangerous. Kinda fat. Only eats leaves. Doesn't come when called 3/10 https://t.co/xYGdBrMS9h,https://twitter.com/dog_rates/status/666837028449972224/photo/1,3,10,None,None,None,None,None
2310,666786068205871104,2015-11-18 01:12:41,"<a href=""http://twitter.com/download/iphone"" rel=""nofollow"">Twitter for iPhone</a>",Unfamiliar with this breed. Ears pointy af. Won't let go of seashell. Won't eat kibble. Not very fast. Bad dog 2/10 https://t.co/EIn5kElY1S,https://twitter.com/dog_rates/status/666786068205871104/photo/1,2,10,None,None,None,None,None
2312,666776908487630848,2015-11-18 00:36:17,"<a href=""http://twitter.com/download/iphone"" rel=""nofollow"">Twitter for iPhone</a>",This is Josep. He is a Rye Manganese mix. Can drive w eyes closed. Very irresponsible. Menace on the roadways. 5/10 https://t.co/XNGeDwrtYH,https://twitter.com/dog_rates/status/666776908487630848/photo/1,5,10,Josep,None,None,None,None
2316,666649482315059201,2015-11-17 16:09:56,"<a href=""http://twitter.com/download/iphone"" rel=""nofollow"">Twitter for iPhone</a>",Cool dog. Enjoys couch. Low monotone bark. Very nice kicks. Pisses milk (must be rare). Can't go down stairs. 4/10 https://t.co/vXMKrJC81s,https://twitter.com/dog_rates/status/666649482315059201/photo/1,4,10,None,None,None,None,None
2326,666411507551481857,2015-11-17 00:24:19,"<a href=""http://twitter.com/download/iphone"" rel=""nofollow"">Twitter for iPhone</a>",This is quite the dog. Gets really excited when not in water. Not very soft tho. Bad at fetch. Can't do tricks. 2/10 https://t.co/aMCTNWO94t,https://twitter.com/dog_rates/status/666411507551481857/photo/1,2,10,quite,None,None,None,None
2334,666293911632134144,2015-11-16 16:37:02,"<a href=""http://twitter.com/download/iphone"" rel=""nofollow"">Twitter for iPhone</a>",This is a funny dog. Weird toes. Won't come down. Loves branch. Refuses to eat his food. Hard to cuddle with. 3/10 https://t.co/IIXis0zta0,https://twitter.com/dog_rates/status/666293911632134144/photo/1,3,10,a,None,None,None,None
2335,666287406224695296,2015-11-16 16:11:11,"<a href=""http://twitter.com/download/iphone"" rel=""nofollow"">Twitter for iPhone</a>",This is an Albanian 3 1/2 legged  Episcopalian. Loves well-polished hardwood flooring. Penis on the collar. 9/10 https://t.co/d9NcXFKwLv,https://twitter.com/dog_rates/status/666287406224695296/photo/1,1,2,an,None,None,None,None
2338,666104133288665088,2015-11-16 04:02:55,"<a href=""http://twitter.com/download/iphone"" rel=""nofollow"">Twitter for iPhone</a>",Not familiar with this breed. No tail (weird). Only 2 legs. Doesn't bark. Surprisingly quick. Shits eggs. 1/10 https://t.co/Asgdc6kuLX,https://twitter.com/dog_rates/status/666104133288665088/photo/1,1,10,None,None,None,None,None
2349,666051853826850816,2015-11-16 00:35:11,"<a href=""http://twitter.com/download/iphone"" rel=""nofollow"">Twitter for iPhone</a>",This is an odd dog. Hard on the outside but loving on the inside. Petting still fun. Doesn't play catch well. 2/10 https://t.co/v5A4vzSDdc,https://twitter.com/dog_rates/status/666051853826850816/photo/1,2,10,an,None,None,None,None
2351,666049248165822465,2015-11-16 00:24:50,"<a href=""http://twitter.com/download/iphone"" rel=""nofollow"">Twitter for iPhone</a>",Here we have a 1949 1st generation vulpix. Enjoys sweat tea and Fox News. Cannot be phased. 5/10 https://t.co/4B7cOc1EDq,https://twitter.com/dog_rates/status/666049248165822465/photo/1,5,10,None,None,None,None,None
